{"cameraMode":{"drawMode":0,"name":"Shaded","section":"Shading Mode"},"sceneLighting":true,"audioPlay":false,"sceneViewState":{"m_AlwaysRefresh":false,"showFog":true,"showSkybox":true,"showFlares":true,"showImageEffects":true,"showParticleSystems":true,"showVisualEffectGraphs":true,"m_FxEnabled":true},"in2DMode":false,"pivot":{"x":0.050653815269470218,"y":0.28755807876586916,"z":-0.21786856651306153},"rotation":{"x":-0.06260474026203156,"y":0.9210789799690247,"z":-0.16647584736347199,"w":-0.34638047218322756},"size":3.336724042892456,"orthographic":false}