{"cameraMode":{"drawMode":0,"name":"Shaded","section":"Shading Mode"},"sceneLighting":true,"audioPlay":false,"sceneViewState":{"showFog":true,"showMaterialUpdate":false,"showSkybox":true,"showFlares":true,"showImageEffects":true,"showParticleSystems":true},"in2DMode":false,"pivot":{"x":0.3259097933769226,"y":3.0138814449310304,"z":-1.418698787689209},"rotation":{"x":0.18817958235740663,"y":0.004414517432451248,"z":-0.0008452388574369252,"w":0.9821273684501648},"size":1.2610173225402833,"orthographic":false}