{"cameraMode":{"drawMode":0,"name":"Shaded","section":"Shading Mode"},"sceneLighting":true,"audioPlay":false,"sceneViewState":{"showFog":true,"showMaterialUpdate":false,"showSkybox":true,"showFlares":true,"showImageEffects":true,"showParticleSystems":true},"in2DMode":false,"pivot":{"x":2.312347888946533,"y":0.6759853363037109,"z":8.050429344177246},"rotation":{"x":-0.15260976552963258,"y":-0.14120323956012727,"z":0.022035755217075349,"w":-0.9779021143913269},"size":6.962385177612305,"orthographic":false}