{"cameraMode":{"drawMode":0,"name":"Shaded","section":"Shading Mode"},"sceneLighting":false,"audioPlay":false,"sceneViewState":{"m_AlwaysRefresh":false,"showFog":true,"showSkybox":false,"showFlares":true,"showImageEffects":true,"showParticleSystems":true,"showVisualEffectGraphs":true,"m_FxEnabled":true},"in2DMode":false,"pivot":{"x":-0.09860563278198242,"y":0.6085332632064819,"z":-0.23486995697021485},"rotation":{"x":0.22009965777397157,"y":0.7053852677345276,"z":-0.24778449535369874,"w":0.6265770196914673},"size":1.5252320766448975,"orthographic":false}